run_id	status	baseline	profile	factor	old_value	new_value	route	warmup_s	duration_s	clean_boot	repetition	instrumentation	game_cursor	desktop_cursor	stall_count	avg_fps	p1_fps	p01_fps	verdict	notes
H0	reference	none	ultrawide-h0	baseline	none	historical-ultrawide	indoor-v1	60	120	false	diagnostic	configuration-reference	not-tested	not-tested	NA	NA	NA	NA	not-applicable	Historical comparison profile before the shared policy fix: DP-1 3440x1440@143.975, native/no FSR, VFR=true, allow_tearing=true, immediate=true, system gamescope 3.16.23 Wayland, overlay in game only, iNumFocusShadow=1, no Gamescope cap; Display Tweaks remains 240. This row is not a completed benchmark or the current policy.
D0	completed	H0	ultrawide-immediate-off	client_immediate	true	false	current-session	0	120	false	diagnostic	live-hypr-journal-2x2min-and-subjective	good	not-tested	0	NA	NA	NA	positive-diagnostic	Exact live client toggle only. Before: immediate=true, activelyTearing=true, 78 xdg_backend release-without-acquire errors/2min. After: immediate=false, activelyTearing=false, 0 same errors/2min, hardwareCursorsInUse false->true; user reported immediately "suddenly super smooth". Diagnostic only: no clean boot, controlled route, desktop check, or promotion.
W0-1	planned	none	dual-60-postfix	baseline	none	dual-1080-60-postfix	indoor-v1	60	120	true	short-1	required	pending	pending	NA	NA	NA	NA	pending	Dual-1080@60 control after the mechanical fixes; both Samsung outputs must remain enabled and the focused route must be recorded.
W0-2	conditional	W0-1	dual-60-postfix	replicate	dual-60-postfix	dual-60-postfix	indoor-v1	60	120	true	short-2	required	pending	pending	NA	NA	NA	NA	pending	Exact clean-boot repeat of the dual-1080@60 control.
W0-S	conditional	W0-2	dual-60-postfix	replicate	dual-60-postfix	dual-60-postfix	normal-play-soak	60	16200	true	soak	required	pending	pending	NA	NA	NA	NA	pending	Four-and-a-half-hour dual-1080@60 control soak.
W1-1	conditional	W0-S	dual-75-postfix	display_profile	dual-1080-60	dual-1080-75	indoor-v1	60	120	true	short-1	required	pending	pending	NA	NA	NA	NA	pending	Test only the persisted 60-to-75 Hz Samsung display change.
W1-2	conditional	W1-1	dual-75-postfix	replicate	dual-75-postfix	dual-75-postfix	indoor-v1	60	120	true	short-2	required	pending	pending	NA	NA	NA	NA	pending	Exact clean-boot repeat of dual-1080@75.
W1-S	conditional	W1-2	dual-75-postfix	replicate	dual-75-postfix	dual-75-postfix	normal-play-soak	60	16200	true	soak	required	pending	pending	NA	NA	NA	NA	pending	Four-and-a-half-hour dual-1080@75 soak.
B0-1	planned	none	ultrawide-postfix	baseline	none	current-postfix	indoor-v1	60	120	true	short-1	required	pending	pending	NA	NA	NA	NA	pending	First formal post-fix baseline: VFR enabled, tearing disabled, client immediate disabled, system Gamescope Wayland, overlay in game only, native output, and no Gamescope FPS cap.
B0-2	conditional	B0-1	ultrawide-postfix	replicate	ultrawide-postfix	ultrawide-postfix	indoor-v1	60	120	true	short-2	required	pending	pending	NA	NA	NA	NA	pending	Exact clean-boot repeat of the post-fix baseline; promote only after B0-1 passes.
B0-S	conditional	B0-2	ultrawide-postfix	replicate	ultrawide-postfix	ultrawide-postfix	normal-play-soak	60	16200	true	soak	required	pending	pending	NA	NA	NA	NA	pending	Four-and-a-half-hour post-fix soak; promote only after both baseline short runs pass.
R1-1	conditional	B0-S	ultrawide-new-scheduling	hypr_new_render_scheduling	false	true	indoor-v1	60	120	true	short-1	required	pending	pending	NA	NA	NA	NA	pending	From accepted B0, enable only Hyprland's new render scheduling.
R1-2	conditional	R1-1	ultrawide-new-scheduling	replicate	ultrawide-new-scheduling	ultrawide-new-scheduling	indoor-v1	60	120	true	short-2	required	pending	pending	NA	NA	NA	NA	pending	Exact repeat of new render scheduling.
R1-S	conditional	R1-2	ultrawide-new-scheduling	replicate	ultrawide-new-scheduling	ultrawide-new-scheduling	normal-play-soak	60	16200	true	soak	required	pending	pending	NA	NA	NA	NA	pending	New render scheduling soak.
R2-1	conditional	B0-S	ultrawide-direct-scanout-auto	hypr_direct_scanout	0	2	indoor-v1	60	120	true	short-1	required	pending	pending	NA	NA	NA	NA	pending	From accepted B0, enable only automatic direct scanout; reject unless directScanoutTo becomes active.
R2-2	conditional	R2-1	ultrawide-direct-scanout-auto	replicate	ultrawide-direct-scanout-auto	ultrawide-direct-scanout-auto	indoor-v1	60	120	true	short-2	required	pending	pending	NA	NA	NA	NA	pending	Exact repeat of automatic direct scanout.
R2-S	conditional	R2-2	ultrawide-direct-scanout-auto	replicate	ultrawide-direct-scanout-auto	ultrawide-direct-scanout-auto	normal-play-soak	60	16200	true	soak	required	pending	pending	NA	NA	NA	NA	pending	Automatic direct scanout soak.
R3-1	conditional	B0-S	ultrawide-quiesced	host_workload_policy	normal	quiesced	indoor-v1	60	120	true	short-1	required	pending	pending	NA	NA	NA	NA	pending	From accepted B0, quiesce only the explicit co-located workload allowlist.
R3-2	conditional	R3-1	ultrawide-quiesced	replicate	ultrawide-quiesced	ultrawide-quiesced	indoor-v1	60	120	true	short-2	required	pending	pending	NA	NA	NA	NA	pending	Exact repeat of the quiesced host policy.
R3-S	conditional	R3-2	ultrawide-quiesced	replicate	ultrawide-quiesced	ultrawide-quiesced	normal-play-soak	60	16200	true	soak	required	pending	pending	NA	NA	NA	NA	pending	Quiesced host soak with exact workload restoration after exit.
R4-1	conditional	B0-S	ultrawide-refresh-144	nested_refresh	auto	144	indoor-v1	60	120	true	short-1	required	pending	pending	NA	NA	NA	NA	pending	From accepted B0, propagate only an explicit 144 Hz nested Gamescope refresh.
R4-2	conditional	R4-1	ultrawide-refresh-144	replicate	ultrawide-refresh-144	ultrawide-refresh-144	indoor-v1	60	120	true	short-2	required	pending	pending	NA	NA	NA	NA	pending	Exact repeat of explicit nested refresh.
R4-S	conditional	R4-2	ultrawide-refresh-144	replicate	ultrawide-refresh-144	ultrawide-refresh-144	normal-play-soak	60	16200	true	soak	required	pending	pending	NA	NA	NA	NA	pending	Explicit nested refresh soak.
W2-1	conditional	W1-S	dual-75-new-scheduling	hypr_new_render_scheduling	false	true	indoor-v1	60	120	true	short-1	required	pending	pending	NA	NA	NA	NA	pending	Dual-1080@75 branch enabling only new render scheduling.
W2-2	conditional	W2-1	dual-75-new-scheduling	replicate	dual-75-new-scheduling	dual-75-new-scheduling	indoor-v1	60	120	true	short-2	required	pending	pending	NA	NA	NA	NA	pending	Exact dual-display render scheduling repeat.
W2-S	conditional	W2-2	dual-75-new-scheduling	replicate	dual-75-new-scheduling	dual-75-new-scheduling	normal-play-soak	60	16200	true	soak	required	pending	pending	NA	NA	NA	NA	pending	Dual-display render scheduling soak.
W3-1	conditional	W1-S	dual-75-direct-scanout-auto	hypr_direct_scanout	0	2	indoor-v1	60	120	true	short-1	required	pending	pending	NA	NA	NA	NA	pending	Dual-1080@75 branch enabling only automatic direct scanout.
W3-2	conditional	W3-1	dual-75-direct-scanout-auto	replicate	dual-75-direct-scanout-auto	dual-75-direct-scanout-auto	indoor-v1	60	120	true	short-2	required	pending	pending	NA	NA	NA	NA	pending	Exact dual-display direct-scanout repeat.
W3-S	conditional	W3-2	dual-75-direct-scanout-auto	replicate	dual-75-direct-scanout-auto	dual-75-direct-scanout-auto	normal-play-soak	60	16200	true	soak	required	pending	pending	NA	NA	NA	NA	pending	Dual-display direct-scanout soak.
W4-1	conditional	W1-S	dual-75-quiesced	host_workload_policy	normal	quiesced	indoor-v1	60	120	true	short-1	required	pending	pending	NA	NA	NA	NA	pending	Dual-1080@75 branch quiescing only the explicit host allowlist.
W4-2	conditional	W4-1	dual-75-quiesced	replicate	dual-75-quiesced	dual-75-quiesced	indoor-v1	60	120	true	short-2	required	pending	pending	NA	NA	NA	NA	pending	Exact dual-display quiesced-host repeat.
W4-S	conditional	W4-2	dual-75-quiesced	replicate	dual-75-quiesced	dual-75-quiesced	normal-play-soak	60	16200	true	soak	required	pending	pending	NA	NA	NA	NA	pending	Dual-display quiesced-host soak.
W5-1	conditional	W1-S	dual-75-refresh-75	nested_refresh	auto	75	indoor-v1	60	120	true	short-1	required	pending	pending	NA	NA	NA	NA	pending	Dual-1080@75 branch propagating only an explicit 75 Hz nested refresh.
W5-2	conditional	W5-1	dual-75-refresh-75	replicate	dual-75-refresh-75	dual-75-refresh-75	indoor-v1	60	120	true	short-2	required	pending	pending	NA	NA	NA	NA	pending	Exact dual-display nested-refresh repeat.
W5-S	conditional	W5-2	dual-75-refresh-75	replicate	dual-75-refresh-75	dual-75-refresh-75	normal-play-soak	60	16200	true	soak	required	pending	pending	NA	NA	NA	NA	pending	Dual-display nested-refresh soak.
WF1-1	conditional	W1-S	dual-75-gamescope-bypass	gamescope_source	system	bypass	indoor-v1	60	120	true	short-1	required	pending	pending	NA	NA	NA	NA	pending	Dual-1080@75 Gamescope bypass branch.
WF1-2	conditional	WF1-1	dual-75-gamescope-bypass	replicate	dual-75-gamescope-bypass	dual-75-gamescope-bypass	indoor-v1	60	120	true	short-2	required	pending	pending	NA	NA	NA	NA	pending	Exact dual-display bypass repeat.
WF1-S	conditional	WF1-2	dual-75-gamescope-bypass	replicate	dual-75-gamescope-bypass	dual-75-gamescope-bypass	normal-play-soak	60	16200	true	soak	required	pending	pending	NA	NA	NA	NA	pending	Dual-display bypass soak.
H2-1	conditional	B0-S	ultrawide-gamescope-3.16.25	gamescope_source	system	cached:3.16.25-1	indoor-v1	60	120	true	short-1	required	pending	pending	NA	NA	NA	NA	pending	From accepted B0, test only the signed cached Gamescope 3.16.25-1 userspace tree; do not replace the installed package.
H2-2	conditional	H2-1	ultrawide-gamescope-3.16.25	replicate	ultrawide-gamescope-3.16.25	ultrawide-gamescope-3.16.25	indoor-v1	60	120	true	short-2	required	pending	pending	NA	NA	NA	NA	pending	Exact clean-boot short repeat; promote only after H2-1 passes.
H2-S	conditional	H2-2	ultrawide-gamescope-3.16.25	replicate	ultrawide-gamescope-3.16.25	ultrawide-gamescope-3.16.25	normal-play-soak	60	16200	true	soak	required	pending	pending	NA	NA	NA	NA	pending	Four-and-a-half-hour soak; promote only after both H2 short runs pass.
H3-1	conditional	B0-S	ultrawide-sdl	backend	wayland	sdl	indoor-v1	60	120	true	short-1	required	pending	pending	NA	NA	NA	NA	pending	From accepted B0, test only the Gamescope backend. SDL removes the current Wayland backend path; tearing and immediate presentation remain disabled.
H3-2	conditional	H3-1	ultrawide-sdl	replicate	ultrawide-sdl	ultrawide-sdl	indoor-v1	60	120	true	short-2	required	pending	pending	NA	NA	NA	NA	pending	Exact clean-boot short repeat; promote only after H3-1 passes.
H3-S	conditional	H3-2	ultrawide-sdl	replicate	ultrawide-sdl	ultrawide-sdl	normal-play-soak	60	16200	true	soak	required	pending	pending	NA	NA	NA	NA	pending	Four-and-a-half-hour soak; promote only after both H3 short runs pass.
H4-1	conditional	B0-S	ultrawide-overlay-off	overlay_policy	game	off	indoor-v1	60	120	true	short-1	required	pending	pending	NA	NA	NA	NA	pending	From accepted B0, test only removal of the Steam overlay from Skyrim. ScopeBuddy already excludes it from Gamescope.
H4-2	conditional	H4-1	ultrawide-overlay-off	replicate	ultrawide-overlay-off	ultrawide-overlay-off	indoor-v1	60	120	true	short-2	required	pending	pending	NA	NA	NA	NA	pending	Exact clean-boot short repeat; promote only after H4-1 passes.
H4-S	conditional	H4-2	ultrawide-overlay-off	replicate	ultrawide-overlay-off	ultrawide-overlay-off	normal-play-soak	60	16200	true	soak	required	pending	pending	NA	NA	NA	NA	pending	Four-and-a-half-hour soak; promote only after both H4 short runs pass.
H5-1	conditional	B0-S	ultrawide-cap-45	fps_cap	0	45	indoor-v1	60	120	true	short-1	required	pending	pending	NA	NA	NA	NA	pending	From accepted B0, add only a 45 FPS Gamescope cap. Run only if H2-H4 fail and telemetry correlates stalls with sustained GPU saturation.
H5-2	conditional	H5-1	ultrawide-cap-45	replicate	ultrawide-cap-45	ultrawide-cap-45	indoor-v1	60	120	true	short-2	required	pending	pending	NA	NA	NA	NA	pending	Exact clean-boot short repeat; promote only after H5-1 passes.
H5-S	conditional	H5-2	ultrawide-cap-45	replicate	ultrawide-cap-45	ultrawide-cap-45	normal-play-soak	60	16200	true	soak	required	pending	pending	NA	NA	NA	NA	pending	Four-and-a-half-hour soak; promote only after both H5 short runs pass.
F1-1	conditional	B0-S	ultrawide-gamescope-bypass	gamescope_source	system	bypass	indoor-v1	60	120	true	short-1	required	pending	pending	NA	NA	NA	NA	pending	From accepted B0, bypass only Gamescope. This is a falsification cell, not a proposed normal-play solution.
F1-2	conditional	F1-1	ultrawide-gamescope-bypass	replicate	ultrawide-gamescope-bypass	ultrawide-gamescope-bypass	indoor-v1	60	120	true	short-2	required	pending	pending	NA	NA	NA	NA	pending	Exact clean-boot short repeat; promote only after F1-1 passes.
F1-S	conditional	F1-2	ultrawide-gamescope-bypass	replicate	ultrawide-gamescope-bypass	ultrawide-gamescope-bypass	normal-play-soak	60	16200	true	soak	required	pending	pending	NA	NA	NA	NA	pending	Falsification soak only; it cannot promote gamescope bypass as the normal-play solution.
C1-1	conditional	B0-S	ultrawide-combine-pending	combine	none	accepted-independent-factors	indoor-v1	60	120	true	short-1	required	pending	pending	NA	NA	NA	NA	pending	Intentionally unqueueable placeholder identical to accepted B0. Use C1 only when at least two post-B0 candidate chains are fully accepted, and combine only those accepted fields without re-enabling tearing or immediate presentation.
C1-2	conditional	C1-1	ultrawide-combine-pending	replicate	ultrawide-combine-pending	ultrawide-combine-pending	indoor-v1	60	120	true	short-2	required	pending	pending	NA	NA	NA	NA	pending	Exact clean-boot short repeat after C1-1 passes; update to the same final combined profile before promotion.
C1-S	conditional	C1-2	ultrawide-combine-pending	replicate	ultrawide-combine-pending	ultrawide-combine-pending	normal-play-soak	60	16200	true	soak	required	pending	pending	NA	NA	NA	NA	pending	Final four-and-a-half-hour soak; update to the same final combined profile before promotion.
